Country,Features,1980,1981,1982,1983,1984,1985,1986,1987,1988,1989,1990,1991,1992,1993,1994,1995,1996,1997,1998,1999,2000,2001,2002,2003,2004,2005,2006,2007,2008,2009,2010,2011,2012,2013,2014,2015,2016,2017,2018,2019,2020,2021
        Gibraltar,net generation,0.052,0.054,0.056,0.057,0.057,0.059,0.061,0.066,0.07,0.076,0.077,0.077,0.083,0.083,0.083,0.083,0.085,0.087,0.092,0.096,0.1175,0.11844,0.12126,0.12596,0.12784,0.1363,0.14194,0.1457,0.15604,0.16356,0.16638,0.16074,0.16544,0.17766,0.18612,0.21056,0.20116,0.20022,0.2021,0.20586,0.19545657,0.207965791
        Greece,net generation,21.288,21.879,21.763,22.263,23.057,25.736,25.965,27.595,29.648,31.266,32.681,33.724,35.031,35.861,37.991,38.897,40.026,40.80618,43.546,46.581,50.26192,49.78354,50.6184,54.50368,55.37564,55.95374,56.7105,58.86248,59.09142,57.7506,53.498057,53.668572,53.654754,52.614029,46.636551,47.867296,50.431187,50.513953,50.0798786,45.5072992,42.5123637,52.4739582
        Hungary,net generation,22.364,22.687,23.208,24.256,24.743,25.211,26.404,27.998,27.52,27.854,26.909,28.36,30.026,31.163306,31.743,32.226733,33.22876,33.52012,35.21641,35.724,33.23722,34.38844,34.14072,32.22422,31.86014,33.7422,33.65762,37.74876,37.70684,33.7298,34.960717,33.810596,32.587303,28.273384,27.436954,28.442948,29.89166,31.00248,30.1610501,32.463938,33.177421,34.1914781
        Iceland,net generation,3.148,3.268,3.585,3.777,3.925,3.852,4.063,4.157,4.42,4.479,4.468,4.452,4.503,4.682,4.735,4.933,5.0747,5.53369,6.225,7.128,7.6197,7.96676,8.34564,8.42864,8.55176,8.6157,9.85676,11.89288,16.34288,16.71088,16.746003,16.850998,17.295999,17.999998,17.803,18.558001,18.171608,18.846295,19.4324979,19.119793,18.778694,19.2629881
        Ireland,net generation,9.54,9.448,9.674,9.598,9.799,10.553,10.851,11.673,11.786,12.588,13.29,13.977,14.778,15.13,15.77,16.496,17.711,18.43922,19.567,20.396,22.17072,23.0527,23.24434,23.23862,23.58174,24.00882,25.42254,26.142,28.127,26.296,27.165581,26.372895,26.202849,24.618802,24.904899,27.189981,29.259077,29.879721,29.9323625,29.8700272,30.9904099,33.5958721
        Italy,net generation,175.413,169.761,173.03,170.44,169.876,171.861,178.341,187.607,173.751,195.2898,200.811,206.449,211.296,207.754,216.413,223.763,225.575,232.36697,238.669,243.915,253.21828,255.25074,259.79924,264.89276,277.3016,278.1547,288.70848,289.4176,295.01606,272.7457,288.117063,291.006684,287.426111,278.836768,269.699149,273.399218,279.976334,285.629453,280.369202,263.7055922,272.4289509,274.1786604
        Norway,net generation,82.705,91.811,91.603,104.863,105.028,101.561,95.546,102.684,108.131,117.762,120.284,109.258,115.77685,118.335,110.608,120.603,103.516,108.625,114.879,120.87,140.80948,119.70842,128.56782,105.2534,108.66352,135.3932,119.72378,134.10084,139.21964,129.06828,122.150138,125.262082,145.660999,132.633003,140.242,142.176,147.491,147.570003,145.1080429,131.9557672,153.9079342,157.5030781
        Poland,net generation,113.449,107.042,109.187,116.666,124.702,127.372,129.532,134.343,132.913,134.246,125.961,124.513,122.583,123.521,124.925,128.481,132.45722,132.447,132.249,130.904,133.61234,134.23304,133.03392,140.19562,142.7233,145.393158,150.719265,149.063852,145.509356,142.279486,143.35879,149.03546,143.015423,148.036692,142.273714,148.742268,151.980086,154.781107,155.1287839,149.1705333,144.4291258,166.5566896
        Portugal,net generation,14.948,13.518,15.089,17.721,18.83,18.56,19.886,19.854,20.894,24.869,27.09,28.398,27.983,29.544,30.03,31.597,33.118,32.78295,37.267,40.67,41.27818,44.07368,43.21964,44.4976,42.6633,43.70262,46.27512,44.78848,43.42942,47.34142,52.718559,50.850621,44.325043,49.418816,50.858783,49.94755,57.805044,55.910271,57.0441476,50.6540545,50.7827283,47.4692647
        Romania,net generation,63.867,66.355,65.169,66.543,67.861,68.101,71.477,70.183,71.479,71.928,61,54.21,51.532,52.79,52.481,56.548,58.063,54.649215,51.142,48.506,49.653,51.298,52.179,52.42,53.987,56.743,59.733,58.604542,61.702,54.747,57.67424,58.81578,55.72708,55.75262,62.36612,60.795554,59.783488,58.978383,59.6587406,54.857559,51.6490981,55.0189628
        Spain,net generation,108.579,109.573,113.188,114.778,117.409,124.778,127.486,127.987,129.867,140.075,143.675,147.118,148.172,147.425,152.877,156.873,165.187,179.752,183.533,194.466,208.74216,221.13356,226.02084,244.1845,259.36468,268.93376,279.96651,286.47399,295.63654,278.26738,287.233892,280.935997,282.383489,270.515861,264.252559,266.140544,260.499786,262.331536,261.8953206,261.8928532,251.1880323,259.4039234
        Sweden,net generation,94.18,100.48,97.156,107.133,121.376,134.069,135.623,143.45,142.435,141.168,141.531,142.098,141.432,140.774,137.814,143.626,135.6186,144.716,154.111,150.33,141.29314,156.83374,142.1832,130.91358,148.43829,154.58029,140.43141,145.26144,146.36321,133.53026,145.739156,147.241058,163.049952,149.524071,150.216634,159.282993,152.817652,160.971364,160.0995413,165.646854,159.2237017,165.2669798
        Switzerland,net generation,45.994,49.636,50.28,49.965,47.06,52.491,53.539,55.858,57.365,52.15,52.801,54.464,56.439,58.854,63.546,59.932,53.878,59.77957,59.882,63.993,61.17896,66.05242,60.43898,60.2358,58.92318,53.15657,57.14783,61.44204,61.94886,61.5709,61.332369,58.472671,63.466307,64.089035,65.260366,61.478906,56.645644,55.402721,61.1032427,65.2865348,66.0905137,59.5061349
        Turkiye,net generation,23.322,23.803,26.44,27.356,30.721,34.369,36.398,39.965,46.3,45.879,55.253,57.772,64.637,71.085,75.159,82.868,91.209,99.11184,106.47971,111.135,118.99016,116.58502,123.3396,133.9289,143.97546,154.2328,167.95614,181.90008,188.2498,185.50437,216.004075,220.674352,224.951966,255.817852,219.39739,254.931454,287.460686,280.6477644,255.6252953,297.4186944,328.8368523,317.1005807
        United Kingdom,net generation,264.918,258.792,253.864,257.115,261.707,274.562,279.07,283.498,288.315,294.582,297.67,301.413,299.641,300.042,302.355,307.633,328.457,326.543,340.133,344.024,352.58662,360.2617,362.42851,372.62865,368.74138,370.65059,368.44623,367.6483,360.71519,349.01892,363.598119,350.050286,344.691533,339.34853,321.330497,328.136974,326.0448092,324.556063,320.1469013,313.5442484,303.4642607,288.6085261
        Gibraltar,net consumption,0.05,0.052,0.054,0.055,0.055,0.057,0.059,0.058,0.062,0.071,0.071,0.071,0.079,0.07219,0.07719,0.07719,0.07905,0.08091,0.08556,0.08928,0.1135,0.11444,0.11726,0.12196,0.12384,0.1323,0.13694,0.1407,0.15104,0.15856,0.16138,0.15574,0.16044,0.17166,0.18012,0.20356,0.19516,0.19422,0.195573,0.19886,0.18845657,0.200984867
        Greece,net consumption,20.306,20.511,20.718,22.154,23.603,24.484,24.881,25.918,27.349,29.147,30.526,31.482,32.96,33.652,35.206,36.53,38.115,39.83618,41.983,43.4,45.97792,47.33954,49.5354,51.67068,52.99664,54.13574,55.8125,58.35748,59.65142,58.8956,55.42106,54.080574,53.828754,50.60603,51.306551,52.580293,55.27019,55.649167,51.1158787,51.7588833,46.1605771,52.1395064
        Hungary,net consumption,27.385,27.722,28.767,30.007,31.552,32.429,33.084,34.594,34.593,34.795,34.143,31.851,30.514,29.299306,29.59,29.882733,30.73976,30.93312,31.04041,31.895,31.83722,32.88344,33.99772,34.92322,35.34814,36.0282,36.90062,37.77576,37.72184,35.6388,36.354719,36.669597,36.870306,36.487384,37.195955,38.433949,39.036661,40.424479,41.1520503,41.7559378,41.715421,43.9138754
        Iceland,net consumption,2.857,2.954,3.235,3.419,3.598,3.518,3.682,3.701,4.026,4.095,4.073,4.065,4.16,4.369,4.495,4.605,4.6197,5.08769,5.787,6.742,7.3037,7.61376,7.95064,7.93864,8.16976,8.2347,9.44376,11.39788,15.76688,16.20288,16.047004,16.347998,16.81,17.625998,17.305,17.982002,17.682608,18.255294,18.878324,18.588793,18.238694,18.7089881
        Ireland,net consumption,8.446,8.302,8.483,8.435,8.67,9.486,9.779,10.697,10.639,11.388,12.014,12.605,13.372,13.701,14.286,14.968,15.941,16.77122,17.728,18.79,20.24872,20.8957,21.78134,22.36862,23.11974,24.00382,25.08454,25.3,26.355,24.959,25.537675,24.834806,24.613475,24.843758,25.025564,25.779363,26.412548,27.025035,27.6690696,28.2406594,28.5251053,32.6454046
        Italy,net consumption,164.891,163.087,165.723,164.854,174.155,178.066,183.551,193.549,186.849,211.8418,219.007,224.429,229.821,229.536,236.957,243.676,246.033,253.48497,260.883,267.354,278.36228,284.27174,290.61424,294.97176,302.0686,306.6837,313.76748,314.7246,314.60706,297.3527,311.707063,315.890681,309.529113,299.787771,293.964149,300.060217,298.250334,304.722482,306.2798323,284.0286052,287.2633359,299.9218318
        Norway,net consumption,75.112,78.076,78.1,83.115,89.195,91.946,90.684,93.863,94.846,95.189,97.448,99.716,100.21885,101.586,102.558,104.516,103.945,104.129,110.537,110.449,112.97648,115.49142,109.59382,103.7594,109.15352,113.3512,110.46378,113.95484,115.65264,112.50728,120.145139,114.889083,118.688001,119.567004,117.052003,120.062,121.910002,123.252004,125.9534847,123.7427674,124.5268162,130.8432097
        Poland,net consumption,101.019,95.575,96.655,102.171,106.52,110.962,116.002,121.1,123.521,123.086,114.361,107.914,103.209,104.181,105.022,107.654,111.29922,113.58,113.445,111.397,113.00534,113.30704,111.56592,115.57462,118.9993,119.644158,125.712265,129.299852,132.251356,127.555486,130.15379,133.155458,129.291424,133.268691,134.189713,137.874268,144.484086,147.072108,151.9292871,150.8425083,147.7011698,158.1944616
        Portugal,net consumption,14.906,15.058,15.973,16.887,17.319,18.436,19.341,20.358,20.466,23.065,23.965,25.189,25.92,26.271,27.389,29.226,30.754,32.48895,34.302,36.159,38.56018,40.25568,41.61664,43.4106,45.0873,46.31462,48.03012,49.09648,48.67142,48.32542,51.06156,49.573619,47.513047,46.739815,46.552783,47.319549,47.819042,48.125497,49.3271795,49.1050443,47.7378714,47.7430319
        Romania,net consumption,59.543,62.258,62.039,63.398,65.926,67.505,71.794,71.281,74.159,75.104,64.647,53.477,50.139,49.034,48.186,50.154,51.684,48.270215,45.158,41.389,42.354,43.107,42.639,45.562,46.748,47.76,48.882,49.763542,50.264,45.423,48.34224,49.76878,48.91808,46.71562,48.14312,46.906554,47.641488,49.091003,50.0582416,49.874945,48.2394141,50.52736748
        Spain,net consumption,97.231,99.205,99.595,104.163,108.653,111.865,114.255,114.291,115.046,125.859,129.219,131.902,133.969,133.844,139.597,145.402,150.65,162.581,168.488,180.703,193.91716,206.60256,212.10284,222.9205,232.26668,241.63076,251.56151,255.24199,258.78754,245.71838,251.500892,248.817998,245.509489,237.070861,234.45356,239.498544,241.446785,247.677537,247.4013205,243.9651788,228.8366163,233.9770099
        Sweden,net consumption,86.436,89.64,92.349,102.763,111.686,121.77,121.334,129.113,130.31,131.254,130.235,132.002,129.713,130.16,129.062,131.873,131.4086,131.792,132.67,132.392,135.15614,137.73874,135.6542,133.07658,135.38929,135.48029,135.60741,135.92044,133.41521,128.30426,137.256154,129.411058,132.516952,129.519072,127.258633,129.694994,132.513653,132.484364,132.3395413,128.6438537,125.5921563,130.7561128
        Switzerland,net consumption,34.615,35.71,36.258,37.462,39.017,40.349,41.468,42.852,44.173,46.366,46.815,47.94,48.24,47.782,48.229,49.073,48.918,48.92457,49.622,49.78,50.02196,51.41242,51.76598,52.9348,53.97618,55.27757,55.65783,55.15804,56.52986,55.2259,57.480367,56.578672,56.690307,57.029035,55.095366,55.903907,56.112644,56.394007,55.2878937,54.8775489,56.2586887,57.6972307
        Turkiye,net consumption,21.839,22.488,24.896,26.154,29.634,32.566,31.728,35.019,40.373,40.19,47.84,50.465,55.517,60.457,62.8,68.403,75.28,82.75084,88.68671,91.635,98.58816,97.40202,102.5606,110.4469,120.05146,129.0268,141.48314,153.69508,160.4358,155.77937,185.008075,189.216353,192.167962,224.885851,187.323389,222.344453,256.727659,245.4128954,223.3553144,265.5560654,298.8749291,284.2542337
        United Kingdom,net consumption,243.387,238.669,233.385,235.909,238.652,249.959,258.26,268.441,277.391,282.231,284.384,291.603,292.523,293.93,287.214,297.159,315.792,315.979,322.783,328.406,335.61762,338.5837,339.88031,342.71895,343.05598,351.07049,348.44823,345.0328,343.63429,323.73182,339.37752,328.282185,328.261434,327.229419,314.402287,320.635534,317.4593842,312.481032,313.6035513,309.2651075,295.0513947,287.3188985
        Gibraltar,imports ,0,0,0,0,0,0,0,0,0,0,0,0,0,0,0,0,0,0,0,0,0,0,0,0,0,0,0,0,0,0,0,0,0,0,0,0,0,0,0,0,0,0
        Greece,imports ,0.654,0.398,0.771,1.915,2.591,0.948,1.584,0.977,0.7,1.028,1.33,1.498,0.967,1.093,0.82,1.4,2.66,3.01,2.5,1.811,1.729,3.562,4.602,4.169,4.854,5.616,6.14,6.412,7.575,7.601,8.517001,7.18,5.954001,5.788001,9.461,11.080998,9.833,8.696,8.55,11.067,9.8285567,7.5831879
        Hungary,imports ,10.182,10.625,10.421,10.817,11.589,12.732,11.862,12.61,13.614,12.959,13.309,8.409,4.85,3.25,3,3.21,3.47,4.41,4.042,3.403,9.523,10.403,12.605,14.077,10.524,15.637,15.393,14.68,12.774,10.972,9.897,14.664,16.970001,16.635,19.079,19.935,17.951001,19.802999,18.6130001,19.853,19.1760001,19.967019
        Iceland,imports ,0,0,0,0,0,0,0,0,0,0,0,0,0,0,0,0,0,0,0,0,0,0,0,0,0,0,0,0,0,0,0,0,0,0,0,0,0,0,0,0,0,0
        Ireland,imports ,0,0,0,0,0,0,0,0,0,0,0,0,0,0,0,0.02,0.05,0.064,0.152,0.29,0.169,0.038,0.565,1.176,1.574,2.045,1.787,1.412,0.753,0.939,0.759889,0.731621,0.783605,2.625165,2.853016,1.751975,0.871263,1.116408,1.6215188,2.1795789,1.7611118,2.3094839
        Italy,imports ,8.072,11.602,10.169,13.968,21.973,25.105,23.928,24.818,31.974,34.454,35.277,35.46,35.9,40.109,38.7,38.7,38.145,39.84,41.633,42.538,44.831,48.926,51.519,51.486,46.426,50.264,46.596,48.931,43.433,47.07,45.987,47.518998,45.407001,44.338001,46.747,50.849,43.181,42.894882,47.1702041,43.9749401,39.7899399,46.5644406
        Norway,imports ,2.039,1.925,0.642,0.431,0.86,4.083,4.212,2.983,1.727,0.314,0.283,3.275,1.359,0.594,4.84,2.301,13.21,8.693,8.046,6.856,1.474,10.745,5.335,13.422,15.309,3.653,9.801,5.285,3.412,5.651,14.673,11.254001,4.191002,10.135001,6.347003,7.371,5.74,6.111,8.339724,12.3530001,4.4961449,8.2350599
        Poland,imports ,4.161,4.184,4.265,4.079,4.636,5.456,7.833,10.422,12.456,12.059,10.438,6.71,4.8,5.6,4.6,4.4,4.8,5.36,4.608,3.491,3.29,4.306,4.469,4.985,5.312,5.002,4.789,7.761,9.034,7.403,6.31,6.78,9.803,7.800999,13.507999,14.459,14.017,13.271,13.8158042,17.868327,20.624119,15.099836
        Portugal,imports ,2.346,3.345,3.369,2.373,2.077,3.53,2.874,3.699,3.417,2.436,1.733,1.715,2.538,2.077,2.3,2.7,4.115,5.4,3.975,3.625,4.698,3.741,5.329,5.898,8.612,9.626,8.624,9.641,10.744,7.598,5.814002,6.741998,10.766002,8.1,7.246999,8.076999,4.615999,5.50573,5.667568,8.099798,7.5534621,9.54494
        Romania,imports ,0.472,0.553,1.085,2.138,3.074,3.259,4.43,5.15,6.975,7.811,9.576,7.005,4.35,2.99,1.82,0.8,2.242,1.038,1.181,1.2,0.8,0.7,0.436,0.962,2.6,2.321,0.989,1.269,0.921,0.651,0.767,3.41,3.903,2.737,2.811,4.492,4.177,4.842,3.697,5.493,8.251648,8.697
        Spain,imports ,2.306,2.668,1.755,4.084,5.305,3.927,2.896,3.171,3.482,2.759,3.208,3.085,4.351,4.606,5.12,7.635,6.75,4.597,8.965,11.955,12.268,10.177,12.504,9.52,8.111,10.212,9.093,8.773,5.881,6.751,5.206,7.932,7.787,9.886999,12.31,14.956,21.844999,23.762,24.0179999,18.7208398,17.928364,17.3881669
        Sweden,imports ,3.369,3.516,5.945,10.42,5.722,5.174,1.835,2.174,5.064,12.053,12.584,6.225,8.845,7.978,6.7,7.72,15.885,10.253,6.105,8.5,18.308,11.164,20.11,24.287,15.646,14.576,17.537,16.052,12.754,13.765,14.931,12.481,11.682,12.674,13.851999,9.294001,14.287001,11.896,12.202,9.0699998,11.8263966,8.3407188
        Switzerland,imports ,8.487,9.392,8.321,11.021,16.149,14.512,12.3,10.859,12.826,17.697,20.554,19.785,19.5,19.52,16.3,19.5,23.241,20.748,23.61,21.72,24.33,24.096,27.8,30.084,27.056,38.346,33.803,34.818,31.601,31.368,33.400998,34.824002,31.549,29.874,28.53,34.033,34.096,36.496,31.02,29.505,26.988,31.626
        Turkiye,imports ,1.341,1.616,1.773,2.22,2.653,2.142,0.777,0.572,0.381,0.558,0.175,0.76,0.189,0.213,0.033,0,0.27,2.492,3.3,2.33,3.791,4.579,3.588,1.158,0.463,0.636,0.573,0.864,0.789,0.812,1.144001,4.556001,5.826998,7.428999,7.953,7.136,6.330002,2.728269,2.476887,2.211506,1.8895209,2.3304997
        United Kingdom,imports ,0.022,0,0,0,0,0,4.444,11.672,12.843,13.53,11.79,16.425,16.7,16.721,16.9,16.4,16.71,16.615,12.599,14.507,14.308,10.663,9.1825,5.1193,9.7838,11.1601,10.2817,8.6129,12.2937,6.6091,7.1444,8.6889,13.7743,17.53281,23.24314,22.96087,20.01792,18.16698,21.33241,24.55559,22.39072,28.742918
        Gibraltar,exports ,0,0,0,0,0,0,0,0,0,0.001,0.001,0.001,0.001,0.005,0,0,0,0,0,0,0,0,0,0,0,0,0,0,0,0,0,0,0,0,0,0,0,0,0,0,0,0
        Greece,exports ,0.038,0.089,0.049,0.032,0.03,0.209,0.297,0.362,0.392,0.637,0.619,0.854,0.362,0.284,0.43,0.593,1.314,0.709,0.89,1.647,1.74,1.062,1.706,2.076,2.034,1.836,1.938,2.057,1.962,3.233,2.811001,3.947999,4.169001,3.901001,0.641999,1.473001,1.036999,2.458998,2.2719999,1.1229999,0.9669883,3.8976397
        Hungary,exports ,2.795,2.641,1.68,1.741,1.32,1.924,1.346,1.997,2.322,1.875,2.039,1.047,1.521,0.756,0.9,0.805,1.28,2.261,3.302,2.34,6.083,7.232,8.349,7.138,3.056,9.41,8.186,10.694,8.871,5.459,4.702,8.021,9.003,4.758,5.689,6.249,5.24,6.925001,4.2649999,7.2690002,7.4990001,7.2132168
        Iceland,exports ,0,0,0,0,0,0,0,0,0,0,0,0,0,0,0,0,0,0,0,0,0,0,0,0,0,0,0,0,0,0,0,0,0,0,0,0,0,0,0,0,0,0
        Ireland,exports ,0,0,0,0,0,0,0,0,0,0,0,0,0,0,0,0.035,0.185,0.076,0.073,0.049,0.071,0.288,0.062,0.01,0,0.001,0.009,0.082,0.303,0.175,0.289562,0.241526,0.370129,0.382971,0.703958,1.078605,1.58301,1.79491,1.6492487,1.5350386,1.9129656,0.8629981
        Italy,exports ,1.989,1.97,3.018,2.886,1.083,1.436,1.814,1.672,0.718,0.725,0.922,0.372,0.647,0.677,1.09,1.235,0.76,0.995,0.901,0.528,0.484,0.549,0.922,0.518,0.791,1.109,1.611,2.648,3.398,2.111,1.827,1.786999,2.303998,2.199999,3.031001,4.471002,6.153999,5.134231,3.2714149,5.8337071,7.5895549,3.7702692
        Norway,exports ,2.501,7.154,6.704,13.847,9.13,4.627,2.18,3.32,7.355,15.166,16.233,6.049,10.103,8.376,4.96,8.966,4.24,4.875,4.412,8.277,20.529,7.174,15.046,5.548,3.854,15.695,8.947,15.32,17.275,14.634,7.124001,14.329,22.006,15.141,21.932,22.016,22.150999,21.276,18.4889022,12.3089999,24.9682649,25.8188721
        Poland,exports ,4.396,4.227,5.95,7.183,9.233,7.568,7.796,8.703,7.98,10.268,11.478,9.326,9.066,8.011,7.2,7.157,7.925,7.542,8.082,8.426,9.663,11.035,11.537,15.146,14.605,16.188,15.775,13.109,9.703,9.594,7.664,12.022002,12.642999,12.322,11.342,14.793,12.018,10.983999,8.121301,7.245352,7.357075,14.212064
        Portugal,exports ,0.518,0.14,0.4,1.057,1.366,1.284,0.989,0.675,1.027,1.271,1.696,1.62,1.197,1.902,1.355,1.741,3.01,2.477,3.7,4.488,3.767,3.502,3.43,3.104,2.131,2.802,3.183,2.153,1.313,2.822,3.191001,3.929,2.870998,5.324001,6.343999,5.811,9.701001,8.189703,8.3245361,4.7011472,6.096938,4.7915858
        Romania,exports ,0.77,0.758,0.364,1.469,1.118,0,0,0,0,0,0,1.874,0.218,1.118,1.05,0.456,1.435,0.817,0.715,1.93,1.47,2.077,3.29,3.046,3.766,5.224,5.262,3.359,5.169,2.946,3.041,5.316,3.65,4.753,9.937,11.22,9.194,7.73538,6.241025,3.974614,5.459332,6.499
        Spain,exports ,3.688,4.116,4.78,4.186,2.99,5.002,4.152,4.703,4.804,4.579,3.628,3.762,3.71,3.339,3.245,3.147,5.69,7.67,5.562,6.24,7.827,6.727,7.175,8.257,11.139,11.555,12.373,14.524,16.92,14.855,13.539,14.022999,18.986,16.637999,15.715999,15.089,14.178,14.592999,12.916,11.8585142,14.64878,16.5061585
        Sweden,exports ,2.834,6.16,2.603,5.484,5.336,6.683,6.494,6.344,7.671,12.526,14.672,7.519,10.995,8.566,6.4,9.401,9.75,12.961,16.799,16.1,13.63,18.454,14.754,11.457,17.75,21.968,11.497,14.736,14.715,9.08,12.853002,19.714,31.255,22.675999,29.475,31.894,26.022,30.888,29.425,35.2310001,36.823942,33.9095858
        Switzerland,exports ,16.668,20.104,19.148,20.267,20.844,23.21,20.886,20.314,22.447,20.213,22.862,22.578,23.86,26.719,28.08,26.69,24.19,27.502,29.561,31.952,31.4,34.54,32.308,33.196,27.759,31.996,31.1,36.88,32.736,33.525,32.881,32.237001,33.749,32.27,34.021,35.067999,30.173,30.946,32.607,35.7649999,32.548,28.9682098
        Turkiye,exports ,0,0,0,0,0,0,0,0,0,0,0.907,0.506,0.314,0.589,0.55,0.696,0.345,0.271,0.298,0.285,0.437,0.433,0.435,0.588,1.144,1.798,2.236,2.422,1.122,1.546,1.918001,3.645,2.954002,1.227001,2.696,3.195001,1.451999,3.303671,3.111877,2.788667,2.4836431,4.1864777
        United Kingdom,exports ,0.019,0,0,0,0,0,0.189,0.037,0.013,0.899,0.047,0.015,0.032,0.005,0,0.023,0.04,0.041,0.131,0.263,0.134,0.264,0.7677,2.959,2.2942,2.8392,2.7647,3.3984,1.2716,3.7482,4.481,2.467,1.9104,3.10192,2.72335,1.85531,2.27287,3.40705,2.22476,3.38512,4.48084,4.1655456
        Gibraltar,installed capacity ,0.022,0.023,0.023,0.021,0.021,0.021,0.021,0.027,0.027,0.027,0.027,0.033,0.033,0.033,0.03,0.03,0.035,0.035,0.035,0.035,0.035,0.035,0.035,0.035,0.0377,0.0377,0.0377,0.0377,0.043,0.043,0.043,0.043,0.043,0.043,0.043,0.043,0.043,0.043,0.043,0.043,0.043,0.043
        Greece,installed capacity ,5.324,5.962,5.979,5.988,6.538,7.081,7.476,8.01,8.071,8.296,8.458,8.862,8.912,8.766,8.846,8.865,9.048,9.497,9.928,10.603,10.94,11.038,11.622,12.126,12.479,13.354,13.604,13.723,14.293,14.539,15.225,16.569,17.796,18.901,18.942,18.993,19.223,19.49012,19.66331,20.56331,20.87531,21.48731
        Hungary,installed capacity ,5.392,5.395,5.454,5.834,6.16,6.165,6.6,6.824,7.072,7.068,7.11,7.054,7.143,7.266,7.179,7.263,7.395,7.393,7.73,7.725,8.191,8.312,8.474,8.269,8.74,8.844,8.881,8.914,9.013,9.325,9.396,10.043,9.62,8.625,9.092,9.028,9.037,9.233,9.65,10.348,11.067,11.083
        Iceland,installed capacity ,0.68,0.762,0.903,0.903,0.904,0.905,0.907,0.909,0.91,0.914,0.898,0.924,1.023,1.025,1.032,1.03,1.03,1.07,1.104,1.163,1.383,1.46,1.506,1.507,1.509,1.539,1.726,2.364,2.575,2.572,2.579,2.669,2.657,2.766,2.767,2.775,2.776,2.827282,2.977882,2.979882,2.966882,2.966882
        Ireland,installed capacity ,3.082,3.332,3.417,3.397,3.327,3.195,3.723,3.88,3.814,3.805,3.807,3.811,3.927,3.927,3.904,4.054,4.178,4.233,4.385,4.267,4.726,4.735,5.445,5.71,5.833,6.146,6.887,7.544,7.372,7.576,8.454,8.742,8.694,8.953,9.33,9.749,10.136,10.713025,11.090315,11.236774,11.35171,11.39871
        Italy,installed capacity ,46.245,47.293,49.465,50.935,53.489,55.135,54.646,55.635,56.102,55.69,55.961,57.213,60.962,62.808,63.413,65.16,67.41,69.331,71.193,72.363,76.037,76.74,77.307,79.213,82.506,86.406,90.36,94.557,99.819,102.772,108.119,120.758,127.466,127.542,124.774,120.016,117.273,117.357112,118.377371,119.95472,119.436618,120.883618
        Norway,installed capacity ,20.012,21.544,22.369,22.952,23.206,23.651,24.781,25.583,25.689,27.033,27.067,27.073,27.213,27.268,27.5,28.19,28.305,28.138,27.782,28.332,28.476,28.032,28.374,28.479,28.575,29.204,29.383,30.075,30.64,31.341,31.784,32.197,32.975,33.602,33.815,33.957,33.887,34.325,35.468,36.781,38.331,39.412
        Poland,installed capacity ,24.723,24.736,25.994,26.833,27.788,29.039,29.774,30.11,28.256,28.096,27.663,28.077,28.456,28.926,29.444,29.265,29.513,29.745,29.859,30.412,30.575,30.7,30.844,31.683,31.906,32.274,32.379,32.538,32.767,33.1414,33.4944,34.8294,35.8644,36.5484,36.8034,38.2859,39.0774,43.815694,44.037366,44.415829,50.393699,54.768049
        Portugal,installed capacity ,4.437,4.624,5.307,5.633,5.654,6.008,6.453,6.846,6.91,7.337,7.234,7.284,8.013,8.513,8.618,9.152,9.22,9.274,9.572,10.405,11.192,11.27,11.541,11.915,12.996,13.736,14.814,15.386,16.152,17.802,19.475,20.484,20.3153,19.4513,19.687,20.202,21.199,21.514637,21.844538,22.263104,22.438618,23.180618
        Romania,installed capacity ,16.109,16.612,17.47,17.988,18.824,19.574,20.392,21.73,22.376,22.903,22.478,22.268,22.268,22.261,22.06,22.276,23.501,23.489,23.212,22.891,22.56,21.518,20.314,20.023,20.281,19.038,19.31,20.507,19.635,19.453,19.4705,20.421,21.691,22.614,23.602,23.558,23.327,23.33147,23.301268,20.661,20.299755,20.313755
        Spain,installed capacity ,29.923,31.562,32.201,34.169,37.232,39.675,40.224,42.172,42.838,43.554,43.397,43.616,43.747,43.855,44.445,45.629,46.609,47.773,49.003,49.696,54.149,56.106,60.912,65.843,70.2973,77.2483,82.0323,89.5203,94.4163,97.3853,102.8793,103.6883,106.1353,107.0073,107.0383,107.4563,106.65,104.856905,104.747055,110.697869,109.92638,113.99938
        Sweden,installed capacity ,28.317,28.495,30.569,30.64,30.855,33.165,33.078,32.987,33.134,33.798,32.807,33.237,33.486,33.538,33.196,32.268,32.521,32.958,31.414,31.656,35.257,35.78,34.359,35.228,35.647,35.803,37.645,37.468,37.298,39.395,40.734,39.283,42.149,41.994,43.173,44.367,45.139,44.25,46.219,47.192,47.311,49.921
        Switzerland,installed capacity ,15.535,15.55,15.564,15.563,16.585,16.56,16.67,16.704,16.715,16.766,15.015,15.025,15.121,15.169,15.335,15.383,15.429,15.45,15.535,16.535,17.54,17.61,17.628,17.725,17.734,17.783,17.823,17.94,17.981,18.144,18.44,17.5875,18.953,19.33,19.559,19.986,21.207,21.981425,22.429993,22.384798,23.38668,23.87568
        Turkiye,installed capacity ,5.107,5.526,6.639,6.935,8.445,9.104,10.098,12.477,14.503,15.791,16.3,17.181,18.688,20.306,20.829,20.923,21.218,21.86,23.306,25.999,27.3311,28.3993,31.9186,35.66,36.8975,38.909,40.659,40.931,41.929,44.873,49.631,53.0002,57.191,64.141,69.67,73.326,78.724,85.508505,88.941124,91.672763,96.590233,100.630233
        United Kingdom,installed capacity ,73.608,69.098,69.166,68.239,70.016,70.383,69.477,70.597,73.216,74.587,73.082,70.315,67.511,68.113,68.184,69.758,72.844,72.21,72.496,74.446,79.182,80.7825,77.8195,79.8175,82.1835,84.0925,85.3165,85.2915,86.6455,88.645,95.314,96.533,98.706,96.599,100.187,100.524,102.281,108.32452,113.03758,109.61079,109.19957,108.74257
        Gibraltar,distribution losses ,0.002,0.002,0.002,0.002,0.002,0.002,0.002,0.008,0.008,0.004,0.005,0.005,0.003,0.00581,0.00581,0.00581,0.00595,0.00609,0.00644,0.00672,0.004,0.004,0.004,0.004,0.004,0.004,0.005,0.005,0.005,0.005,0.005,0.005,0.005,0.006,0.006,0.007,0.006,0.006,0.006527,0.007,0.007,0.006980924
        Greece,distribution losses ,1.598,1.677,1.767,1.992,2.015,1.991,2.371,2.292,2.607,2.51,2.866,2.886,2.676,3.018,3.175,3.174,3.257,3.271,3.173,3.345,4.273,4.944,3.979,4.926,5.199,5.598,5.1,4.86,5.053,3.223,3.782997,2.819999,1.611,3.894999,4.149001,4.895,3.956998,1.101788,5.242,3.692416,5.213355,4.02
        Hungary,distribution losses ,2.366,2.949,3.182,3.325,3.46,3.59,3.836,4.017,4.219,4.143,4.036,3.871,2.841,4.358,4.253,4.749,4.679,4.736,4.916,4.892,4.84,4.676,4.399,4.24,3.98,3.941,3.964,3.959,3.888,3.604,3.800998,3.783999,3.683998,3.663,3.630999,3.694999,3.566,3.455999,3.357,3.292,3.139,3.0314049
        Iceland,distribution losses ,0.291,0.314,0.35,0.358,0.327,0.334,0.381,0.456,0.394,0.384,0.395,0.387,0.343,0.313,0.24,0.328,0.455,0.446,0.438,0.386,0.316,0.353,0.395,0.49,0.382,0.381,0.413,0.495,0.576,0.508,0.698999,0.503,0.485999,0.374,0.498,0.575999,0.489,0.591001,0.5541739,0.531,0.54,0.554
        Ireland,distribution losses ,1.094,1.146,1.191,1.163,1.129,1.067,1.072,0.976,1.147,1.2,1.276,1.372,1.406,1.429,1.484,1.513,1.635,1.656,1.918,1.847,2.02,1.907,1.966,2.036,2.036,2.049,2.116,2.172,2.222,2.101,2.098233,2.028184,2.00285,2.017238,2.028393,2.083988,2.134782,2.176184,2.235563,2.2739081,2.3134508,2.3969533
        Italy,distribution losses ,16.605,16.306,14.458,16.668,16.611,17.464,16.904,17.204,18.158,17.177,16.159,17.108,16.728,17.65,17.066,17.552,16.927,17.727,18.518,18.571,19.203,19.356,19.782,20.889,20.868,20.626,19.926,20.976,20.444,20.352,20.57,20.848002,21.000001,21.186999,19.450999,19.716999,18.753001,18.667622,17.9881589,17.81822,17.366,17.051
        Norway,distribution losses ,7.131,8.506,7.441,8.332,7.563,9.071,6.894,8.484,7.657,7.721,6.886,6.768,6.814,8.967,7.93,9.422,8.541,8.314,7.976,9,8.778,7.788,9.263,9.368,10.965,10,10.114,10.111,9.704,7.578,9.553998,7.298,9.158,8.06,7.605,7.469,9.169999,9.152999,9.00538,8.257,8.908998,9.0760562
        Poland,distribution losses ,12.195,11.424,10.847,11.391,13.585,14.298,13.567,14.962,13.868,12.951,10.56,13.983,15.108,16.929,17.303,18.07,18.033,16.685,15.33,14.572,14.234,14.197,14.4,14.46,14.431,14.563,14.021,14.416,12.589,12.533,11.851,10.638,10.884,10.247,10.25,10.534,9.495,9.996,8.894,8.951,9.995,9.25
        Portugal,distribution losses ,1.87,1.665,2.085,2.15,2.222,2.37,2.43,2.52,2.818,2.969,3.162,3.304,3.404,3.448,3.586,3.33,3.469,3.217,3.24,3.648,3.649,4.057,3.502,3.881,4.057,4.212,3.686,3.18,4.189,3.792,4.28,4.09,4.707,5.455,5.209,4.894,4.901,5.100801,5.06,4.947661,4.501381,4.479587
        Romania,distribution losses ,4.026,3.892,3.851,3.814,3.891,3.855,4.113,4.052,4.295,4.635,5.929,5.864,5.525,5.628,5.065,6.738,7.186,6.6,6.45,6.387,6.629,6.814,6.686,4.774,6.073,6.08,6.578,6.751,7.19,7.029,7.058,7.141,7.062,7.021,7.097,7.161,7.125,6.994,7.056474,6.501,6.202,6.689595316
        Spain,distribution losses ,9.966,8.92,10.568,10.513,11.071,11.838,11.975,12.164,13.499,12.396,14.036,14.539,14.844,14.848,15.155,15.959,15.597,14.098,18.448,19.478,19.266,17.981,19.247,22.527,24.07,25.96,25.125,25.481,25.81,24.445,27.4,26.027,25.675,26.694,26.393,26.509,26.72,23.823,25.596,24.79,25.631,26.3089219
        Sweden,distribution losses ,8.279,8.196,8.149,9.306,10.076,10.79,9.63,10.167,9.518,9.441,9.208,8.802,9.569,10.026,9.052,10.072,10.345,10.216,10.747,10.338,10.815,11.805,11.885,10.667,10.945,11.708,10.864,10.657,10.987,9.911,10.561,10.597,10.96,10.003,7.335,6.988,8.569,9.495,10.537,10.842,8.634,8.942
        Switzerland,distribution losses ,3.198,3.214,3.195,3.257,3.348,3.444,3.485,3.551,3.571,3.268,3.678,3.731,3.839,3.873,3.537,3.669,4.011,4.101,4.309,3.981,4.087,4.196,4.165,4.189,4.244,4.229,4.193,4.222,4.284,4.188,4.372,4.481,4.576,4.664,4.674,4.54,4.456,4.558714,4.228349,4.148986,4.271825,4.4666944
        Turkiye,distribution losses ,2.824,2.931,3.317,3.422,3.74,3.945,5.447,5.518,6.308,6.247,6.681,7.561,8.995,10.252,11.842,13.769,15.854,18.582,20.795,21.545,23.756,23.329,23.932,24.052,23.243,24.044,24.81,26.647,27.481,28.991,30.222,32.369,35.657,37.133999,37.331001,36.528,35.61103,34.659467,31.6349909,31.285468,29.367801,30.990369
        United Kingdom,distribution losses ,21.534,20.123,20.479,21.206,23.055,24.603,25.065,26.692,23.754,24.982,25.029,26.22,23.786,22.828,32.041,26.851,29.335,27.138,29.818,29.862,31.143,32.077,30.963,32.07,33.175,27.901,27.515,27.83,28.103,28.148,26.883999,27.990001,28.293999,26.550001,27.448,28.607,26.330475,26.834961,25.651,25.4496109,26.322746,25.867
